,phrase,label,sentiment,subjectivity,language,count
Berlin,,,,,,
Nach,,,,,,
Delhi,,,,,,
Deutschland,,,,,,
Hessen,,,,,,
Baden-Württemberg,,,,,,
Sachsen,,,,,,
Brandenburg,,,,,,
India,,,,,,
US,,,,,,
Portugal,,,,,,
Unwetter,,,,,,
Niedersachsen,,,,,,
Stuttgart,,,,,,
Bayern,,,,,,
Queensland,,,,,,
NRW,,,,,,
Kolkata,,,,,,
Texas,,,,,,
Delhi-NCR,,,,,,
France,,,,,,
Noida,,,,,,
England,,,,,,
Hamburg,,,,,,
Sturm,,,,,,
Oklahoma,,,,,,
Spanien,,,,,,
Midwest,,,,,,
Tamil Nadu,,,,,,
Nordrhein-Westfalen,,,,,,
Washington,,,,,,
Uttar Pradesh,,,,,,
Reutlingen,,,,,,
Hagel,,,,,,
Kerala,,,,,,
Thüringen,,,,,,
Mecklenburg,,,,,,
Miami,,,,,,
Australia,,,,,,
Sicht,,,,,,
und,,,,,,
Karlsruhe,,,,,,
Offenbach,,,,,,
Mexico,,,,,,
Sabah,,,,,,
Hitze,,,,,,
Philadelphia,,,,,,
Schleswig,,,,,,
Ukraine,,,,,,
Florida,,,,,,
New York,,,,,,
California,,,,,,
Strom,,,,,,
Northeast,,,,,,
U.S.,,,,,,
Mumbai,,,,,,
China,,,,,,
Ghaziabad,,,,,,
Manitoba,,,,,,
Wisconsin,,,,,,
Berliner,,,,,,
Edmonton,,,,,,
Missouri,,,,,,
Chicago,,,,,,
Canada,,,,,,
Iraq,,,,,,
West Bengal,,,,,,
USA,,,,,,
Jharkhand,,,,,,
Illinois,,,,,,
Gurgaon,,,,,,
Rheinland-Pfalz,,,,,,
Kansas City,,,,,,
Ontario,,,,,,
Maharashtra,,,,,,
Toronto,,,,,,
Doch,,,,,,
Südeuropa,,,,,,
Sarawak,,,,,,
Ottawa,,,,,,
Iran,,,,,,
New South Wales,,,,,,
Rajasthan,,,,,,
Lancaster County,,,,,,
Lucknow,,,,,,
Putrajaya,,,,,,
the United States,,,,,,
Punjab,,,,,,
Rheinland,,,,,,
Saarland,,,,,,
Chennai,,,,,,
North Island,,,,,,
Feuer,,,,,,
Minnesota,,,,,,
Europe,,,,,,
Los Angeles,,,,,,
Colorado,,,,,,
Pradesh,,,,,,
Pahang,,,,,,
Freiburg,,,,,,
Houston,,,,,,
Uttarakhand,,,,,,
UK,,,,,,
Alberta,,,,,,
Ont.,,,,,,
Kingston,,,,,,
London,,,,,,
Galway,,,,,,
Lübeck,,,,,,
Indiana,,,,,,
Straßen,,,,,,
Arkansas,,,,,,
Kuba,,,,,,
Bahn,,,,,,
Brazil,,,,,,
New York City,,,,,,
Victoria,,,,,,
Selangor,,,,,,
Kansas,,,,,,
Perak,,,,,,
Hyderabad,,,,,,
D.C.,,,,,,
Southern California,,,,,,
Schweiz,,,,,,
Bengaluru,,,,,,
Bihar,,,,,,
Kiel,,,,,,
Mecklenburg-Vorpommern,,,,,,
NCR,,,,,,
Attica,,,,,,
Hitzewelle,,,,,,
Griechenland,,,,,,
Freitag,,,,,,
Phoenix,,,,,,
Louisiana,,,,,,
Dresden,,,,,,
Mo.,,,,,,
Himachal,,,,,,
Malaysia,,,,,,
Mississippi,,,,,,
Ohio,,,,,,
Kanpur,,,,,,
Blieskastel,,,,,,
Kankakee,,,,,,
nach,,,,,,
America,,,,,,
Friedrichshain,,,,,,
lrs,,,,,,
Nikolassee,,,,,,
Stadt,,,,,,
Mitte,,,,,,
Nürnberg,,,,,,
Potsdam,,,,,,
Haryana,,,,,,
Frankreich,,,,,,
Sydney,,,,,,
Arizona,,,,,,
Bengal,,,,,,
Labuan,,,,,,
Kashmir,,,,,,
Pakistan,,,,,,
diesem Jahr,,,,,,
Schwaben,,,,,,
Mexico City,,,,,,
Sweden,,,,,,
Himachal Pradesh,,,,,,
einem Umspannwerk,,,,,,
Rathen,,,,,,
Unwetterschäden,,,,,,
Behörden,,,,,,
Sligo,,,,,,
Gujarat,,,,,,
New Delhi,,,,,,
Neubrandenburg,,,,,,
Einsätze,,,,,,
Brasilien,,,,,,
Karten zeigen,,,,,,
North India,,,,,,
Italy,,,,,,
Germany,,,,,,
Puducherry,,,,,,
KANSAS CITY,,,,,,
North Texas,,,,,,
Britain,,,,,,
United States,,,,,,
Brisbane,,,,,,
Kildare,,,,,,
Meath,,,,,,
Dublin,,,,,,
Limberg,,,,,,
der südchinesischen,,,,,,
Duisburg,,,,,,
KL,,,,,,
über,,,,,,
Menschen,,,,,,
Ireland,,,,,,
doch,,,,,,
Melaka,,,,,,
Nahost,,,,,,
München,,,,,,
Afghanistan,,,,,,
Alle,,,,,,
PHILADELPHIA,,,,,,
Süditalien,,,,,,
Baitadi,,,,,,
sich,,,,,,
Westmecklenburg,,,,,,
Cottbus,,,,,,
Costa Rica,,,,,,
Wuthering Heights,,,,,,
Orlando,,,,,,
Sturmböen,,,,,,
Umfragen,,,,,,
Karnataka,,,,,,
den nächsten Tagen,,,,,,
Srinagar,,,,,,
Donegal,,,,,,
Leipzig,,,,,,
Ankara,,,,,,
Hannover,,,,,,
Tennessee,,,,,,
Hollywood,,,,,,
Denver,,,,,,
Stromversorgung,,,,,,
Saskatchewan,,,,,,
Plains,,,,,,
Dallas,,,,,,
Johor,,,,,,
Netherlands,,,,,,
Springfield,,,,,,
Nebraska,,,,,,
North Carolina,,,,,,
Greece,,,,,,
Jammu,,,,,,
KUALA LUMPUR,,,,,,
Berlin/Potsdam,,,,,,
Ulm etwa berichtete,,,,,,
Wien,,,,,,
Düsseldorf,,,,,,
Ibiza,,,,,,
Wiesbaden,,,,,,
Norddeutschland,,,,,,
Wege,,,,,,
Die Ukraine,,,,,,
the Gulf Coast,,,,,,
Parteien,,,,,,
Pune,,,,,,
Chandigarh,,,,,,
Earth,,,,,,
Mars,,,,,,
Bremen,,,,,,
Oberleitung,,,,,,
Politik,,,,,,
Deutschland zu,,,,,,
Mit,,,,,,
Pittsburgh,,,,,,
aus,,,,,,
Pennsylvania,,,,,,
Koalitionsverhandlungen,,,,,,
the Federal Territories of Kuala Lumpur,,,,,,
Blitze,,,,,,
Idaho,,,,,,
DC,,,,,,
Nashville,,,,,,
Gewitter,,,,,,
Österreich,,,,,,
Temperatursturz,,,,,,
Bhopal,,,,,,
teils,,,,,,
Norway,,,,,,
Krefeld,,,,,,
Kabine aus,,,,,,
Berlin-Mitte,,,,,,
Dienstag,,,,,,
Hitze und Unwetter,,,,,,
mehreren Regionen,,,,,,
Tirol,,,,,,
Zürich,,,,,,
Wuppertal,,,,,,
Dubai,,,,,,
Nach dem,,,,,,
Kalifornien,,,,,,
Taiwan,,,,,,
Peninsular Malaysia,,,,,,
Quebec,,,,,,
LOS ANGELES,,,,,,
Valley,,,,,,
North America,,,,,,
Calif.,,,,,,
Wis.,,,,,,
Milwaukee,,,,,,
Michigan,,,,,,
Andhra,,,,,,
Brasilia,,,,,,
North Dakota,,,,,,
Folge,,,,,,
NYC,,,,,,
NZ,,,,,,
KUALA LUMPUR:,,,,,,
SYDNEY,,,,,,
Ladakh,,,,,,
Ostsachsen,,,,,,
Badeseen,,,,,,
Kuala Lumpur,,,,,,
Stromausfall,,,,,,
Washington D.C.,,,,,,
the Federal Territories,,,,,,
Jahren,,,,,,
Wendisch-Rietz,,,,,,
Northern Ireland,,,,,,
Venezuela,,,,,,
Salzburg,,,,,,
Deutsche Stiftung,,,,,,
Bordeaux,,,,,,
Manheim Township,,,,,,
Afrika,,,,,,
Hainichen,,,,,,
Höhe von insgesamt,,,,,,
Tunesien,,,,,,
Bayreuth,,,,,,
beiden,,,,,,
Stuttgart aus,,,,,,
Rockies,,,,,,
Johnstown,,,,,,
South,,,,,,
werden,,,,,,
Münster,,,,,,
Brasilien bei Demo,,,,,,
Whanganui,,,,,,
Brasília,,,,,,
Montreal,,,,,,
Wexford,,,,,,
Nach dem Unwetter,,,,,,
Gulf,,,,,,
Waterford,,,,,,
Auckland,,,,,,
Chile,,,,,,
Haus,,,,,,
Gesundheit,,,,,,
Athen,,,,,,
Mailand,,,,,,
Northeast Ohio,,,,,,
Madhya Pradesh,,,,,,
Urlauber,,,,,,
einem schwäbischen Städtchen,,,,,,
Teilen,,,,,,
Mannheim,,,,,,
Südostbrandenburg,,,,,,
dann,,,,,,
Gatwick,,,,,,
Heathrow,,,,,,
Evakuierung,,,,,,
Mayo,,,,,,
La Palma,,,,,,
Tatra,,,,,,
Elmshorn,,,,,,
Gefahr,,,,,,
Uttar,,,,,,
den Alpen,,,,,,
Fellbach,,,,,,
Subang,,,,,,
sn,,,,,,
Aachen,,,,,,
Bergland,,,,,,
Nikol,,,,,,
Kenora,,,,,,
der Nacht gekommen,,,,,,
Rüsselsheim,,,,,,
Ludwigsburg,,,,,,
Asperg,,,,,,
Palm Springs,,,,,,
Lake Village,,,,,,
Que.,,,,,,
Paraguay,,,,,,
Insel Oahu,,,,,,
Ozarks,,,,,,
Melendugno,,,,,,
Greifswald,,,,,,
the East Coast,,,,,,
New Brunswick,,,,,,
thun,,,,,,
Schongau,,,,,,
Terengganu,,,,,,
Braunschweig,,,,,,
NWS,,,,,,
Erfurt,,,,,,
Überschwemmungen,,,,,,
Aktienmarkt,,,,,,
Brantford,,,,,,
Sicht - mit,,,,,,
El Niño,,,,,,
Alice Springs,,,,,,
Western Australia,,,,,,
Cleveland,,,,,,
Andhra Pradesh,,,,,,
Adelaide,,,,,,
Scotland,,,,,,
Harvest Rock,,,,,,
Western Australia's,,,,,,
Birmingham,,,,,,
Nepal,,,,,,
Geneva Lake,,,,,,
Georgia,,,,,,
the West Coast,,,,,,
the Southeast Bay,,,,,,
the Bay of Plenty,,,,,,
Milan,,,,,,
San Luis Obispo County,,,,,,
Carolina,,,,,,
East Coast,,,,,,
NSW,,,,,,
Philippines,,,,,,
Kakinada,,,,,,
Partei,,,,,,
San Diego County,,,,,,
WASHINGTON,,,,,,
Walwa,,,,,,
Magic Kingdom,,,,,,
Atmospheric river,,,,,,
SLO County,,,,,,
Qatar,,,,,,
Ala.,,,,,,
BIRMINGHAM,,,,,,
San Francisco,,,,,,
Neukölln,,,,,,
Bangalore,,,,,,
Stunden,,,,,,
Özdemir,,,,,,
Abkühlung,,,,,,
kurzer,,,,,,
Libanon,,,,,,
New Jersey,,,,,,
Lücken bei,,,,,,
West Coast,,,,,,
Nord,,,,,,
Stromausfälle,,,,,,
Los Angeles County,,,,,,
B.C.,,,,,,
Einschätzung,,,,,,
Emirates,,,,,,
Cedarburg,,,,,,
west Manitoba,,,,,,
Essen,,,,,,
wurden,,,,,,
Bewölkung zu rechnen,,,,,,
Pensacola,,,,,,
Melauli Municipality,,,,,,
amtierenden schwarz,,,,,,
Pandemie,,,,,,
Mittelfranken,,,,,,
Leitrim,,,,,,
Übergangsregierung,,,,,,
Sonne - Rheinland-Pfalz erwartet Wetter-Mix,,,,,,
Fürstenwalde,,,,,,
Infrastruktur - auch,,,,,,
Bei einem Fall,,,,,,
Jahreswechsel ein paar,,,,,,
Marokko,,,,,,
Amarillo,,,,,,
NEW ORLEANS,,,,,,
Anschlag,,,,,,
Flut,,,,,,
Himalayas,,,,,,
polarimetric,,,,,,
Southeast,,,,,,
teilte,,,,,,
den kommenden Tagen,,,,,,
Südwesteuropa,,,,,,
Über,,,,,,
Molfsee,,,,,,
Süddeutschland,,,,,,
Pembroke,,,,,,
Hong Kong,,,,,,
Southern Plains,,,,,,
Shivnath Rural Municipality,,,,,,
Ludhiana,,,,,,
New Zealand,,,,,,
Amajuba,,,,,,
Greding unter Wasser,,,,,,
Pancheshwor Rural Municipality,,,,,,
San Gabriel,,,,,,
Tierpolicen,,,,,,
Monterey Park,,,,,,
Pasadena,,,,,,
Alhambra,,,,,,
Nevada,,,,,,
lnw,,,,,,
South Australia,,,,,,
kühle,,,,,,
Mozambique,,,,,,
Kopiere,,,,,,
Hersteller,,,,,,
Nordthüringen,,,,,,
Allstate,,,,,,
MISSISSAUGA,,,,,,
Wohnhaus,,,,,,
Bochum,,,,,,
Beginn,,,,,,
Özdemirs,,,,,,
Bondi,,,,,,
alle,,,,,,
Uppsala,,,,,,
Kankakee County,,,,,,
Kan.,,,,,,
Allegheny County,,,,,,
Great Lakes,,,,,,
Stutensee,,,,,,
Bord,,,,,,
Flensburg,,,,,,
southwest monsoon,,,,,,
Trümmerfelder,,,,,,
Hitze zurück,,,,,,
ein Krankenhaus,,,,,,
Gewitterwolken,,,,,,
Mount Rushmore,,,,,,
Celle,,,,,,
Wetterwoche,,,,,,
Joker,,,,,,
the North Island,,,,,,
Zentrum von Australien,,,,,,
Kottayam,,,,,,
Saarbrücken,,,,,,
the United Kingdom,,,,,,
Senegal,,,,,,
ein Gewitter,,,,,,
Schutz,,,,,,
Fantasyland,,,,,,
Temple City,,,,,,
Geschäfte,,,,,,
Milliardenhöhe,,,,,,
Magic Kingdom Park,,,,,,
the Upper Midwest,,,,,,
El Monte,,,,,,
vom Sturm,,,,,,
Mexiko,,,,,,
Berlin - Ausfälle bei S-Bahn,,,,,,
Ceuta,,,,,,
Winter,,,,,,
Roopkund Lake,,,,,,
the Lower Susquehanna Valley,,,,,,
Karten,,,,,,
den Bergen,,,,,,
Columbus,,,,,,
Tempe,,,,,,
Europa prägt,,,,,,
den Wahlkampf,,,,,,
Stadt Qinzhou,,,,,,
Nationalmannschaft,,,,,,
PITTSBURGH,,,,,,
Zukunft,,,,,,
Guangxi,,,,,,
Verwaltungsgebäude lahm,,,,,,
Maricopa County,,,,,,
weltweit rechnen,,,,,,
Bodelshausen,,,,,,
Geauga,,,,,,
Cuyahoga,,,,,,
"Ölterminal bei St. Petersburg
",,,,,,
Starkregen,,,,,,
Kroatien,,,,,,
Lebensgefahr,,,,,,
Khandwa,,,,,,
Dröhnende Jets,,,,,,
Landtagswahl gewinnen,,,,,,
Wicklow,,,,,,
eastern seaboard,,,,,,
Bayern zu,,,,,,
Baden-Württemberg fordert,,,,,,
des Stromausfalls,,,,,,
Woche,,,,,,
Arunachal,,,,,,
Kilkenny,,,,,,
Bei,,,,,,
Ottawa-Gatineau,,,,,,
teilten,,,,,,
eastern Ontario,,,,,,
Oregon,,,,,,
Norditalien,,,,,,
Brandenburg etwa,,,,,,
Kreuzberg,,,,,,
Stadt auf Sizilien,,,,,,
Wetterdienst,,,,,,
Minderheitsregierungen,,,,,,
Messe,,,,,,
wird es,,,,,,
Ind.,,,,,,
Alcácer,,,,,,
Schadensfälle,,,,,,
Notfälle,,,,,,
erschweren den Alltag,,,,,,
aktuelle Folge vom Dschungelcamp,,,,,,
Schäden,,,,,,
den frühen Morgenstunden auch,,,,,,
Peru,,,,,,
Kansas City's,,,,,,
Tunesien - und,,,,,,
Für Berlin,,,,,,
Hauptstadtregion zu,,,,,,
herabstürzende Ziegel und,,,,,,
Boise,,,,,,
ATLANTA,,,,,,
Bay of Plenty,,,,,,
Belleville,,,,,,
Bundestag,,,,,,
Cornwall,,,,,,
Meerut,,,,,,
Teltow,,,,,,
Stauffer Park,,,,,,
Hausdach,,,,,,
große Hitze,,,,,,
Waldbrände,,,,,,
the Chamoli District,,,,,,
Militärschläge gegen,,,,,,
Retter,,,,,,
Telangana,,,,,,
Südspanien,,,,,,
St. Louis,,,,,,
Gebäuden,,,,,,
Quadratmeter,,,,,,
Rayalaseema,,,,,,
Atlantic,,,,,,
Mitteldeutschland,,,,,,
Stuttgart - Ursache,,,,,,
Pankow,,,,,,
Trishul,,,,,,
Hitze bringen Wind,,,,,,
Stuttgart lahm,,,,,,
Kimberley,,,,,,
Gandaki,,,,,,
Lumbini,,,,,,
Sudurpaschim,,,,,,
Fiordland,,,,,,
Wofford Heights,,,,,,
PARIS,,,,,,
Otago,,,,,,
the Great Plains,,,,,,
CHEYENNE,,,,,,
Langkawi,,,,,,
Brewster County,,,,,,
Israel,,,,,,
British Columbia's,,,,,,
Pikeville,,,,,,
Wyo.,,,,,,
the Mississippi Valley,,,,,,
Sheboygan,,,,,,
the Carolina Hurricanes,,,,,,
San Antonio,,,,,,
Tunisia,,,,,,
MILWAUKEE,,,,,,
the Magic Kingdom,,,,,,
Varanasi,,,,,,
Wheatbelt,,,,,,
KAUKAUNA,,,,,,
Central Illinois,,,,,,
Salt Lake City,,,,,,
Potsdamer Platz,,,,,,
N.C.,,,,,,
Alaska,,,,,,
Republik zu verändern,,,,,,
Egypt,,,,,,
Nigeria,,,,,,
Rio Bonito,,,,,,
Clayton County,,,,,,
Turnhalle,,,,,,
Azerbaijan,,,,,,
TN,,,,,,
Armenia,,,,,,
The United States,,,,,,
Maryland,,,,,,
Türkiye,,,,,,
Bay of Bengal,,,,,,
Istanbul,,,,,,
Mason,,,,,,
Croatia,,,,,,
Rwanda,,,,,,
the Kashmir Valley,,,,,,
the Democratic Republic of Congo,,,,,,
Walworth County,,,,,,
Alabama,,,,,,
Wellington,,,,,,
Athens,,,,,,
Machilipatnam,,,,,,
Melbourne,,,,,,
Bucks County,,,,,,
"Kakinada, Andhra Pradesh",,,,,,
Purcell,,,,,,
Northern Territory,,,,,,
Doha,,,,,,
N.H.,,,,,,
CONCORD,,,,,,
Russia,,,,,,
Kashmirs,,,,,,
Americas,,,,,,
Iowa,,,,,,
Middle East,,,,,,
Maine,,,,,,
Benue State,,,,,,
Burj Khalifa,,,,,,
Reformprojekte,,,,,,
Antarctic,,,,,,
Bellevue,,,,,,
Mississippi Valley,,,,,,
Poland,,,,,,
Vermont,,,,,,
the Leech Lake Band,,,,,,
Tasmania,,,,,,
Western Alaska,,,,,,
Gaza City,,,,,,
Brüssel,,,,,,
Nordic,,,,,,
Lake Superior,,,,,,
the Bay of Bengal,,,,,,
Ojibwe,,,,,,
Greater Seattle,,,,,,
the Bronx Burners,,,,,,
the Leech Lake Band of Ojibwe,,,,,,
kurzer Zeit,,,,,,
Agra,,,,,,
Bhagalpur,,,,,,
Patna,,,,,,
Jehanabad,,,,,,
Weather West,,,,,,
Mussoorie,,,,,,
Wien-Mariahilf,,,,,,
Aligarh,,,,,,
Nainital,,,,,,
Japan,,,,,,
Bedrohungslagen,,,,,,
Tehri,,,,,,
Mariahilf,,,,,,
West,,,,,,
Schwalmstadt,,,,,,
Institut,,,,,,
Ce,,,,,,
TOPEKA,,,,,,
Reutlingen - Ermittler rätseln weiter,,,,,,
CEDARBURG,,,,,,
Wyom,,,,,,
Umspannwerk - Ermittler,,,,,,
Umspannwerk aus,,,,,,
Ermittlungsstand,,,,,,
Nach dem Großbrand,,,,,,
Polizei von Brandstiftung aus,,,,,,
Calgary,,,,,,
Evanston,,,,,,
Ludhiana.</li></ul,,,,,,
Ba,,,,,,
Sonnenbrille,,,,,,
Keller,,,,,,
Königstein öffnet,,,,,,
Nordhessen,,,,,,
PyPI,,,,,,
Steinbruch ab,,,,,,
Limburg,,,,,,
Rüsselsheim +,,,,,,
Western Türkiye,,,,,,
Srinagar city,,,,,,
the Indian Himalayas,,,,,,
"North, East",,,,,,
Meadowbrook,,,,,,
Kulgam district,,,,,,
Maidan,,,,,,
Bühnenprogramm bei Stadtfest,,,,,,
Autos,,,,,,
Neuss nur knapp,,,,,,
Prince George,,,,,,
Pegel,,,,,,
NJ,,,,,,
Unwetterzentrale,,,,,,
Hitze-Hotspots,,,,,,
Rastatt,,,,,,
Bonn,,,,,,
East Rutherford,,,,,,
Hochwasser,,,,,,
auch zu,,,,,,
m Wartburgkreis,,,,,,
Europa zur Verfügung stellen,,,,,,
Sachsen-Anhalt,,,,,,
Innsbruck,,,,,,
Palamu,,,,,,
Krawalle,,,,,,
Belfast,,,,,,
Unwetterwarnungen,,,,,,
mehreren Kreisen vor schweren Gewittern,,,,,,
Garhwa,,,,,,
Lebanon,,,,,,
Überschwemmung,,,,,,
Unterführung,,,,,,
knappen Stunde konnte,,,,,,
Maignan,,,,,,
Mönchengladbach,,,,,,
Cavan,,,,,,
Neuruppin,,,,,,
teilte die S,,,,,,
eine Arena,,,,,,
Singen,,,,,,
Murshidabad,,,,,,
the North…,,,,,,
Hitzefrei-Regelungen,,,,,,
Switzerland,,,,,,
Peckham,,,,,,
Norwegen,,,,,,
Deutschlandsberg,,,,,,
Meerbusch-Osterath,,,,,,
Bezirke Graz,,,,,,
North Bengal,,,,,,
den kommenden,,,,,,
Irak,,,,,,
Rajouri,,,,,,
protestierte,,,,,,
LAFAYETTE,,,,,,
Berlin und Brandenburg,,,,,,
Hitze und Gewitter - wann,,,,,,
den Park,,,,,,
Southland,,,,,,
Nachmittag kräftige Gewitter und Starkregen zukommen,,,,,,
Phila,,,,,,
Basedow,,,,,,
K.-o.-Phase,,,,,,
Ondo,,,,,,
Monaghan,,,,,,
Peoria,,,,,,
hierzulande auf rund …,,,,,,
Einschlag gegen 23.00 Uhr,,,,,,
Oakland,,,,,,
patien,,,,,,
Katastrophenzustand aus,,,,,,
Grünheide,,,,,,
Betreiber,,,,,,
Positionieru,,,,,,
Minderheitsregierung,,,,,,
CHP,,,,,,
Central Oregon,,,,,,
mehreren Regionen Schäden,,,,,,
Fthiotida,,,,,,
Sonntag,,,,,,
Miltach-Oberndorf,,,,,,
The City of Edmonton,,,,,,
Bergtour,,,,,,
Franken,,,,,,
Gironde,,,,,,
Temperaturen von bis,,,,,,
Malta,,,,,,
Dumbo,,,,,,
Brooklyn,,,,,,
Personalwechsel,,,,,,
Regierung,,,,,,
Altenbeuthen,,,,,,
Bühne,,,,,,
San Siro,,,,,,
Berlin freundlich,,,,,,
Manhattan,,,,,,
Bodenseekreis,,,,,,
Osthessen,,,,,,
Gleise gefallen,,,,,,
Urlaub,,,,,,
kann die Kühlkette,,,,,,
kann die,,,,,,
Bodensee,,,,,,
Oberlausitz vor,,,,,,
Luftmassen,,,,,,
den beiden,,,,,,
BC,,,,,,
Starzach,,,,,,
Kressbronn,,,,,,
Ausland,,,,,,
Stuttgart gelandet,,,,,,
Platz,,,,,,
würde,,,,,,
käme,,,,,,
Kreisen,,,,,,
Meteo,,,,,,
Radikalisierung der Szene,,,,,,
Bereits,,,,,,
Glendale,,,,,,
Jahre,,,,,,
wenn,,,,,,
Cairo,,,,,,
Hagelschaden,,,,,,
North Vietnam,,,,,,
Cincinnati,,,,,,
Richtung Innenstadt,,,,,,
Antar,,,,,,
Harburg,,,,,,
die einzigen,,,,,,
wird es nach,,,,,,
zwei Hälften,,,,,,
Aufwind,,,,,,
Ceuta und Melilla,,,,,,
Nordafrika hybride,,,,,,
Bad Muskau,,,,,,
Essex,,,,,,
warnt,,,,,,
Wettermodelle,,,,,,
Halle mitteilte,,,,,,
Saint-Paul-d'Abbotsford,,,,,,
Sächsische Schweiz bei Rathen,,,,,,
Repentigny,,,,,,
Tirol lokal zu vereinzelten Murenabgängen,,,,,,
Finland,,,,,,
Uefa,,,,,,
Konsequenzen aus dem islamistis,,,,,,
Fußball-Bundesliga,,,,,,
Odessa,,,,,,
viel Sonne,,,,,,
Bayelsa,,,,,,
Bayelsa State,,,,,,
Montérégie,,,,,,
Lethbridge,,,,,,
Thüringen wird,,,,,,
Teile Deutschlands,,,,,,
Rosenheim,,,,,,
Kogi State,,,,,,
Oyo,,,,,,
Oyo East,,,,,,
Oyo State,,,,,,
den Hochlagen auf 29,,,,,,
Fälle,,,,,,
Eur,,,,,,
Wetzlar,,,,,,
Today,,,,,,
Temperaturen gebietsweise auf,,,,,,
Faßberg,,,,,,
Baden,,,,,,
Hitze-Gewitter,,,,,,
Sächsischer,,,,,,
Thüringen ist es,,,,,,
Arizona Valley,,,,,,
Sächsischen,,,,,,
Eintrag,,,,,,
Kurort,,,,,,
Offenb,,,,,,
DENVER,,,,,,
Sächsische Schweiz,,,,,,
Wärmebelastung,,,,,,
spürbar zu,,,,,,
Kreisen – Tornado,,,,,,
einem ICE,,,,,,
Agentur,,,,,,
zu rechnen,,,,,,
Londo,,,,,,
nach Mitternacht,,,,,,
Deutschland könnte,,,,,,
Mitleidenschaft,,,,,,
Geräte aus,,,,,,
Inflationssorgen,,,,,,
Limmat,,,,,,
Nach dem Brandanschlag,,,,,,
Südosthälfte,,,,,,
Wilmington,,,,,,
Finanzierung stabilisi,,,,,,
Oberfranken,,,,,,
teilte die Betreiberges,,,,,,
einem Verwaltungsgebäude,,,,,,
"auch ""Die Villa",,,,,,
Regenmengen,,,,,,
Bezirke St. Pölten und Tulln,,,,,,
Neuberg,,,,,,
Oberösterreich von 750.000 Euro Schaden,,,,,,
Puntland,,,,,,
Somalia,,,,,,
Western Canada,,,,,,
the Tasman Sea,,,,,,
Warwan,,,,,,
Zandvoort,,,,,,
Kashmirs Pulwama district,,,,,,
LAKE GENEVA,,,,,,
Wis. Lake,,,,,,
Washington - „,,,,,,
Ortszeit,,,,,,
Flugausfälle,,,,,,
große Gefahr,,,,,,
Seeüberquerung,,,,,,
Tösens,,,,,,
Seattle,,,,,,
the south east,,,,,,
Hitze kommen Gewitter,,,,,,
Rabenholz,,,,,,
Hamburg auf Jahreshoch,,,,,,
Lawinenverbauung,,,,,,
Schiffbruch bei Gewitter,,,,,,
Segler aus Ostsee gerettet,,,,,,
Badeunfälle,,,,,,
einem Zug,,,,,,
Brandenburg gestrandet,,,,,,
einen Wald,,,,,,
Uhr,,,,,,
Sat.1 konnte zulegen,,,,,,
Oberland,,,,,,
Sicht allerdings begleitet von,,,,,,
Vorarlberg vor Herausforderungen,,,,,,
Trockenheit,,,,,,
werden erneut,,,,,,
Vorarlberg würden,,,,,,
Liechtenstein,,,,,,
Zielgruppen,,,,,,
Tiefs bei Island,,,,,,
Boston,,,,,,
WMO,,,,,,
Hitze kommen,,,,,,
"Washington,",,,,,,
Nacht,,,,,,
Spaltung,,,,,,
Wittenburg,,,,,,
Remseck,,,,,,
Pattonville,,,,,,
betroffenen Kreisen dringend,,,,,,
Marktplatz,,,,,,
Dachstuhlbrand,,,,,,
Elmshorn (Kreis Pinneberg,,,,,,
Hitze und Gewitter,,,,,,
Norddeutschland gefallen,,,,,,
Bayern vor Starkregen,,,,,,
Polizeiwagen,,,,,,
einer Druckerei,,,,,,
St. Pölten,,,,,,
Magdeburg,,,,,,
Middle Tennessee,,,,,,
Sperrungen,,,,,,
Stendal und Gewitterwarnung,,,,,,
Alarmbereitschaft,,,,,,
N,,,,,,
Tunneln nach Blitzeinschlag,,,,,,
New Hampshire,,,,,,
folgenden Kreisen gewarnt,,,,,,
Central New Hampshire,,,,,,
Salzburg auf Trab,,,,,,
Meghalaya,,,,,,
Ausweichhafen,,,,,,
Unwetterwarnung Amoklauf,,,,,,
east,,,,,,
Hendersonville,,,,,,
Rede von,,,,,,
den Landtag,,,,,,
Unfälle,,,,,,
Central Florida,,,,,,
Niederlande,,,,,,
Eine Stunde,,,,,,
loomNBC,,,,,,
Bergamo,,,,,,
Wisc,,,,,,
Mittelhessen,,,,,,
Havanna,,,,,,
Chinas zu Toten,,,,,,
Hubei,,,,,,
Zudem,,,,,,
Grünen,,,,,,
nach Kritik,,,,,,
wieder,,,,,,
den Landtag ziehen,,,,,,
Dreierbündnis m,,,,,,
Wohnung,,,,,,
Polizeimeldungen verpflichtend nennen,,,,,,
Tiwi Islands,,,,,,
nach dem,,,,,,
Südbayern,,,,,,
den Umfragewerten,,,,,,
Zeit,,,,,,
Niederlage,,,,,,
Mon-Tue,,,,,,
the Arizona Valley,,,,,,
turkey,,,,,,
wodurch es zu einem großflächigen Stromausfall,,,,,,
Sturms,,,,,,
Behörde mussten,,,,,,
keinem,,,,,,
Glatteis,,,,,,
Richtung Mallorca,,,,,,
Spanien geflohen,,,,,,
Kalingapatnam,,,,,,
Cafés,,,,,,
Stuttgart zu,,,,,,
Winnenden,,,,,,
Wann,,,,,,
OzAsia,,,,,,
Kaffeemaschine aus:,,,,,,
Strom aus,,,,,,
Stromnetz Berlin,,,,,,
diesem Artikel,,,,,,
Flughafen,,,,,,
Europa,,,,,,
Winterferien,,,,,,
Bettina,,,,,,
Reinickendorf,,,,,,
Berlin Es zeigt,,,,,,
Energie-Infrastruktur,,,,,,
Irland,,,,,,
den ersten Stunde,,,,,,
Entspannung,,,,,,
titelte,,,,,,
Marokko Zehntausende M,,,,,,
Glatteis - Berliner,,,,,,
Bernice,,,,,,
BOP,,,,,,
Der Winter,,,,,,
"sich von ""Wirtschaftsweisen",,,,,,
Anlaufstelle,,,,,,
Krankenhäusern,,,,,,
Brasilien bei Demo“,,,,,,
south Kashmir,,,,,,
Menschenmasse,,,,,,
Brasilien eine Menschenmasse,,,,,,
Süden,,,,,,
"1,435.6 hectares",,,,,,
hai,,,,,,
the Great Southern,,,,,,
WA,,,,,,
Esperance,,,,,,
Leiria,,,,,,
Geld - und um Wahlkampf,,,,,,
ihre Mitte,,,,,,
Thessaly,,,,,,
Yunnan Province,,,,,,
Moldau,,,,,,
Kyjiw,,,,,,
Mohali,,,,,,
Panchkula,,,,,,
Barrikaden,,,,,,
Vermonta,,,,,,
Rhein,,,,,,
Strategie,,,,,,
Belastung zu hoch und das System,,,,,,
Nordsyrien,,,,,,
the Bay of Plenty and Rotorua,,,,,,
bei Tiefkühlware,,,,,,
the west coast,,,,,,
Hunderttausende,,,,,,
Sangareddy,,,,,,
Suryapet,,,,,,
Telangan,,,,,,
Howrah,,,,,,
Hooghly,,,,,,
Nadia,,,,,,
Thiruvananthapuram,,,,,,
Wayanad,,,,,,
Indien,,,,,,
Schutz genommen,,,,,,
Nebensätze,,,,,,
leerstehendem Haus entdeckt,,,,,,
wenigen Tagen,,,,,,
Nepals,,,,,,
vom Sexismus-Vorwurf,,,,,,
den letzten Umfragen,,,,,,
Obacht,,,,,,
Bolivien von der,,,,,,
Bolivien von,,,,,,
Mitbewerber,,,,,,
Pulau Pinang,,,,,,
Falle,,,,,,
South Texas,,,,,,
temperatu,,,,,,
Vize,,,,,,
Africa,,,,,,
Kälte,,,,,,
Clare,,,,,,
LONDON,,,,,,
Open-Meteo,,,,,,
Frankreic,,,,,,
kam es,,,,,,
Engenhahn,,,,,,
Lübeck gibt,,,,,,
Uhr konnte,,,,,,
Südwestfrankreich,,,,,,
New York Jets,,,,,,
allein,,,,,,
Karneval,,,,,,
Donnerstag,,,,,,
Lake Charles,,,,,,
Central West,,,,,,
Citrus County,,,,,,
Pragmatismus,,,,,,
der süditalienischen,,,,,,
Apulien,,,,,,
Ausstattung,,,,,,
Steglitz-Zehlendorf,,,,,,
Bay Area,,,,,,
Malchow,,,,,,
fordert,,,,,,
Mechanismen des Länderfinanzausgleichs kritisiert,,,,,,
leide,,,,,,
Passau,,,,,,
Biberach,,,,,,
Izmir gestrandet,,,,,,
the Ohio Valley,,,,,,
MINNEAPOLIS,,,,,,
Nachrichten von heu,,,,,,
Nachrichten,,,,,,
Adams County,,,,,,
Southern India,,,,,,
the United Arab Emirates,,,,,,
UAE,,,,,,
Persia,,,,,,
Western North Carolina,,,,,,
Nort,,,,,,
Gisborne,,,,,,
the Federal Territories of Kuala,,,,,,
Perth,,,,,,
Okagawa Farms,,,,,,
the South Island,,,,,,
Unsplash,,,,,,
KwaZulu-Natal,,,,,,
Jahre alt,,,,,,
einem,,,,,,
Machtverhältnisse,,,,,,
Taup,,,,,,
Hawke's Bay,,,,,,
Hawke’s Bay,,,,,,
the Central Coast,,,,,,
Die Jahresbilanz,,,,,,
beziffert,,,,,,
versichert,,,,,,
Peking,,,,,,
Präsident,,,,,,
votar,,,,,,
the Scottish Highlands,,,,,,
Washington County,,,,,,
Gem County,,,,,,
Warwick,,,,,,
Central Valley County,,,,,,
Qld,,,,,,
South West,,,,,,
Great Southern,,,,,,
HOUSTON,,,,,,
the Coachella Valley,,,,,,
Tzoumerka,,,,,,
Northland,,,,,,
TEXAS,,,,,,
Brunswick,,,,,,
Nilgiris,,,,,,
Coimbatore,,,,,,
Tamil N,,,,,,
Peninsular M'sia,,,,,,
Congo,,,,,,
Goma,,,,,,
Singapore,,,,,,
Pricewatch,,,,,,
Halifax,,,,,,
Bulahdelah,,,,,,
Lidar,,,,,,
LAKE ST. LOUIS,,,,,,
surfac,,,,,,
Schweigen –,,,,,,
Lake STL,,,,,,
Karaikal,,,,,,
Borneo,,,,,,
Studie von Swi,,,,,,
Schnee,,,,,,
Southern Canterbury,,,,,,
Unwetterwarnung,,,,,,
Charlotte,,,,,,
Schulen zu,,,,,,
Ipswich,,,,,,
Dortmund,,,,,,
Lehrkräften,,,,,,
Waren,,,,,,
New York State,,,,,,
Co Galway,,,,,,
Wye River,,,,,,
beeinflusst zu haben,,,,,,
Cold,,,,,,
South Island,,,,,,
Kawerau,,,,,,
Rotoehu,,,,,,
m März,,,,,,
Förderung,,,,,,
Northern Beaches,,,,,,
Modelle,,,,,,
Kissimmee,,,,,,
Osceola,,,,,,
Südfrankreich zu,,,,,,
Leben,,,,,,
Tunesien sind,,,,,,
Aegean,,,,,,
Milliardenhöhe entstanden,,,,,,
Santa Teresa,,,,,,
Warwic,,,,,,
Pratten,,,,,,
the Mount Lawson State Park,,,,,,
Masserberg,,,,,,
Lexington,,,,,,
Kennesaw,,,,,,
CHARLOTTE,,,,,,
Alps,,,,,,
Einschläge,,,,,,
Zahl der,,,,,,
Erdblitze,,,,,,
Brandenbu,,,,,,
heute,,,,,,
Schaffe,,,,,,
Ministerpräsidentenwahl,,,,,,
einem Landtag verbringt,,,,,,
Kerngebiets Baden-Württemberg,,,,,,
Tauranga,,,,,,
KENNESAW,,,,,,
Lebensqualität deutlich,,,,,,
Ga.,,,,,,
Mainz,,,,,,
Seeon,,,,,,
the Deep South,,,,,,
starkem Wind,,,,,,
Idaho Springs,,,,,,
Alaba,,,,,,
Dutzende Unfälle,,,,,,
Flash Flooding,,,,,,
Mobile,,,,,,
Norddeutschland bleiben geschlossen,,,,,,
Kentucky,,,,,,
Schär,,,,,,
gelungen,,,,,,
SA,,,,,,
Mangaluru,,,,,,
Stromausfalls,,,,,,
telefoniert,,,,,,
Wachstum geprägt,,,,,,
Gebirge,,,,,,
Chhattisgarh,,,,,,
Mahasamund,,,,,,
Energie sparen,,,,,,
schrottreif aus,,,,,,
Demokratie sieht,,,,,,
Führung,,,,,,
mit Wind,,,,,,
The Air,,,,,,
Berlins City West,,,,,,
Berlins City West zu einem Stromausfall,,,,,,
Senatssitzung,,,,,,
Apache Junction,,,,,,
Fountain Hills,,,,,,
Scottsdale,,,,,,
Southwestern Ontario,,,,,,
Chankheli Rural,,,,,,
Mesa,,,,,,
bei der,,,,,,
Prüm,,,,,,
MANILA,,,,,,
Manila,,,,,,
Angeles,,,,,,
Guwahati city,,,,,,
Wasser,,,,,,
WOODLAND HILLS,,,,,,
Amausi,,,,,,
Gefolgschaft,,,,,,
Stuttgart vor,,,,,,
Schublade,,,,,,
den Himmel,,,,,,
LA,,,,,,
Counties Leitrim,,,,,,
Roscommon,,,,,,
Mandeville Canyon,,,,,,
MIAMI,,,,,,
Nordrhein-Westfalen mit Regen,,,,,,
Rainfall,,,,,,
Gefahr von Schauern,,,,,,
Gewi,,,,,,
Nordthüringen und Hochwasserwarnung,,,,,,
Hochwasserwarnung,,,,,,
Vordergrund,,,,,,
Seiten,,,,,,
Millionen - und,,,,,,
Teile,,,,,,
Bera,,,,,,
den Zielgruppen,,,,,,
Pacific Palisades,,,,,,
bei denen,,,,,,
Sitze,,,,,,
Charlottenburg,,,,,,
Bundesland,,,,,,
Greifswald ist,,,,,,
lahm,,,,,,
mo…,,,,,,
den,,,,,,
Nach Worten,,,,,,
Die Schweiz,,,,,,
Bei einem Unwetter,,,,,,
Blue micromoon,,,,,,
Blue Moon,,,,,,
Glasgow,,,,,,
Morris,,,,,,
Man.,,,,,,
Southwest monsoon,,,,,,
Acht,,,,,,
Donnerstag über,,,,,,
diesem Donnerstag windig,,,,,,
kann es vor allem,,,,,,
Stundenkilometern,,,,,,
Rom und hinterlässt,,,,,,
Kindberg,,,,,,
einen,,,,,,
South India,,,,,,
West Uttar,,,,,,
East Uttar,,,,,,
Mula,,,,,,
ISTANBUL,,,,,,
Schwerin zu rund,,,,,,
Kieler Stadtteilen,,,,,,
Tiefs,,,,,,
Kliniken sind,,,,,,
Kunden,,,,,,
Polizeihund sucht nach Spuren,,,,,,
Netz,,,,,,
Wakayama Prefecture,,,,,,
Coachella Valley,,,,,,
Verspätung - Gewitter,,,,,,
Budapest,,,,,,
den Nachbarstaat,,,,,,
Northern Cal,,,,,,
Doylestown,,,,,,
Limerick,,,,,,
Yellowstone,,,,,,
us,,,,,,
Melksham,,,,,,
FREMONT,,,,,,
Südniedersachsen,,,,,,
Teilen von Rheinland-Pfalz,,,,,,
Teilen von Rheinland-Pfalz und dem Saarland geben,,,,,,
Bei Höchsttemperaturen,,,,,,
isolat,,,,,,
LaSalle,,,,,,
Mumbai City,,,,,,
Hitzewelle und bringen kühleres Wetter,,,,,,
Temperaturen,,,,,,
Gaza,,,,,,
OÖ,,,,,,
Oberösterreich mussten,,,,,,
Bruchsal auf,,,,,,
New Middle East,,,,,,
bei denen vor,,,,,,
Sicherheit,,,,,,
Kitzbühel,,,,,,
Tirol gebracht,,,,,,
Einigung,,,,,,
Central,,,,,,
Vic,,,,,,
Göttliches,,,,,,
würde die,,,,,,
Adlershof,,,,,,
Fehlerverhalten nach,,,,,,
Berlin-Adlershof,,,,,,
Wohnungen,,,,,,
einem Altenheim,,,,,,
einer technischen,,,,,,
Wolkenkratzer,,,,,,
Palm Bay,,,,,,
Shark Bay,,,,,,
the City of Joy,,,,,,
Lake,,,,,,
Lake counties,,,,,,
mythisches Orangerot,,,,,,
Sturm und Regengüsse,,,,,,
placesand,,,,,,
Allegan County,,,,,,
U-Booten und Digitalisierung,,,,,,
Bundeswehr,,,,,,
Northern Wisconsin,,,,,,
Northern Michigan,,,,,,
Northeast India,,,,,,
Northwest India,,,,,,
Oklahoma City,,,,,,
Utah,,,,,,
the Oklahoma City Thunder,,,,,,
Leh,,,,,,
Wolfram Weimer,,,,,,
Baden-Württemberg entschieden,,,,,,
Jankipuram,,,,,,
Verzeihung,,,,,,
T'ganu,,,,,,
SAN JOSE,,,,,,
Kansas City Tornado,,,,,,
South Africa,,,,,,
Nairobi,,,,,,
Ehingen,,,,,,
Ehingen ab,,,,,,
Aussage von US,,,,,,
Württembergs,,,,,,
ein besseres Licht zu rücken,,,,,,
the southeast Bay,,,,,,
Odisha,,,,,,
Versuchung wirklich groß,,,,,,
VfL,,,,,,
East Asia,,,,,,
Penang,,,,,,
TAMPA,,,,,,
Fla.,,,,,,
Tampa Bay,,,,,,
NEW DELHI,,,,,,
Indi,,,,,,
CHICAGO,,,,,,
Kununurra,,,,,,
des,,,,,,
Ostküste,,,,,,
berichten,,,,,,
Grünen-Fraktion,,,,,,
Chengalpattu,,,,,,
the Western Ghats,,,,,,
thund… Kolkata,,,,,,
Tiruvallur,,,,,,
den USA,,,,,,
Unwetter mit Tornados,,,,,,
Wochenende,,,,,,
Casterton,,,,,,
nächste Woche,,,,,,
Monate nach,,,,,,
Sicht ist,,,,,,
mehreren Bereichen dazu,,,,,,
den Schatten,,,,,,
North,,,,,,
Gladstone,,,,,,
finanzielle,,,,,,
Olympische Spiele,,,,,,
Typhoon Halong’s,,,,,,
the West Bank,,,,,,
Northern Kansas,,,,,,
Penn State:,,,,,,
Typhoon Halong's,,,,,,
Tulsa County,,,,,,
Okla.,,,,,,
U.S,,,,,,
Fraktion erklärt,,,,,,
North Texas city,,,,,,
direkt aus der Regierungszentrale,,,,,,
Millionenhöhe,,,,,,
des Stromnetz-Betreibers,,,,,,
Gomti Nagar,,,,,,
the Great Lakes region,,,,,,
Trommel-Gewitter,,,,,,
Nordrhein-Westfalen auf Wolken,,,,,,
Hamb,,,,,,
Southeast Bay,,,,,,
Nach Großbrand,,,,,,
the Gulf of Mexico,,,,,,
Fayetteville,,,,,,
Himalaya-Überflüge,,,,,,
States,,,,,,
Pjöngjang,,,,,,
Autobahn,,,,,,
Petacciato,,,,,,
keine Medikamente,,,,,,
Vom Sputnik,,,,,,
Erde,,,,,,
Höhe von rund,,,,,,
Kings Island,,,,,,
Fahrzeugen,,,,,,
Eurobike,,,,,,
Frankfurt,,,,,,
den letzten Jahren,,,,,,
the Path of Severe Storms and Possible Tornadoes,,,,,,
Ann Arbor,,,,,,
ANN ARBOR,,,,,,
Mich.,,,,,,
East Bristol,,,,,,
Storms Pound City,,,,,,
stretc… MILWAUKEE,,,,,,
Kings Island's,,,,,,
kräftiger Wind,,,,,,
