day,sentiment_mean,sentiment_std,subjectivity_mean,subjectivity_std,counting
2025-09-23,-0.1842387314628952,1.0,-2.0020422259017328,1.0,1.0
2025-09-24,-0.052777777777777785,1.0,0.3333333333333333,1.0,1.0
2025-09-26,-0.16132902874647032,1.0,0.5288128193842143,1.0,1.0
2025-09-29,0.41942740044129745,1.0,0.600755007166006,1.0,1.0
2025-10-02,-0.0025524388502806694,0.7463381482818581,-0.20442516748159706,1.343892317512586,2.0
2025-10-03,0.6386938045313484,0.7146876322554908,0.00886976513995874,1.2288214959270565,2.0
2025-10-04,0.5773502691896256,1.0,-0.5589334544476176,1.0,1.0
2025-10-05,0.9220943057221285,1.0,-0.6394634036880679,1.0,1.0
2025-10-06,-1.1103843706124301,1.0,-0.8615911371059304,1.0,1.0
2025-10-07,-0.14070575935812427,0.48606870294436694,0.38778444839986503,0.7852760862498058,2.0
2025-10-08,-0.36003066332054645,0.4908397530619015,0.5794624815023645,0.1805162997729869,2.0
2025-10-10,-1.8982957430344318,1.0,0.9462030734569918,1.0,1.0
2025-10-13,-0.3590449235394107,0.8789469256599977,-0.6874188284481311,0.687346894948619,5.0
2025-10-14,0.01784519990672661,0.6682080533334236,0.2988966363910603,0.8432388655132634,14.0
2025-10-15,0.29039491197634104,0.4666491704120899,-0.48971205763506376,0.7046829438038771,4.0
2025-10-16,0.17701450623751566,0.8469712338171909,0.1068386065585799,0.7354936152173359,3.0
2025-10-17,-0.3212042238437766,0.38115461138180484,0.25672323476457576,0.42500502712164523,4.0
2025-10-18,-0.4027610450703498,0.7022194042916402,0.5393443163825167,0.2265258641241441,4.0
2025-10-19,-0.02095125682455469,0.6258743855565985,0.5483852700730748,0.544871902587947,4.0
2025-10-20,-0.414027859924661,0.8280058311382213,0.8085856720332973,0.3949043393624588,4.0
2025-10-21,-0.41769072110547567,0.7282087824479854,-0.33901416976930826,0.6193001091587738,6.0
2025-10-22,0.319323281215987,0.21898570603463904,0.05993418128461666,0.6563938407578381,3.0
2025-10-23,-0.3434058087498526,0.9310451979718103,0.1374008605625527,0.8758775785877313,3.0
2025-10-24,0.08809523809523809,1.0,0.40952380952380957,1.0,1.0
2025-10-25,-0.18007148373540238,0.8726240652970116,-0.1741930114192689,0.7630060596844763,9.0
2025-10-26,-0.47794121675194645,1.3198109689053463,-0.1901802451463833,0.9130822975355087,4.0
2025-10-27,0.11503483797531411,0.2770149760791141,0.28393999463569325,1.4552549917586173,3.0
2025-10-28,-0.3220521381724583,1.0795081749601152,-0.7996119645998253,0.24357172100722052,3.0
2025-10-29,0.17202373562031514,0.5211681788139105,-0.3138558264021254,1.5570550254981885,3.0
2025-10-30,0.7071067811865477,1.0,-0.7071067811865477,1.0,1.0
2025-10-31,-0.6273800271922161,1.300892959758086,0.3728520683724361,1.083226613466701,8.0
2025-11-01,1.1794720477462737,1.0,-0.01530663279105809,1.0,1.0
2025-11-02,0.1617816107543897,0.4623726936786042,-0.2470953451242865,1.3873203220165995,5.0
2025-11-03,-0.11267984286104053,0.35178616808130725,-0.20277502945372547,1.524079154375275,5.0
2025-11-04,-0.08373475141752637,0.572983734478942,0.030414983038058674,1.1865554778821352,4.0
2025-11-05,0.679461288854224,0.3243267566060122,-0.24812752035631316,0.7700602094149539,2.0
2025-11-06,-0.061973511738586895,1.0501721580981482,0.32628918323373785,0.5314882830620336,7.0
2025-11-07,-0.19911637206720578,0.7752989326028652,-0.3212611302914184,0.93982411930508,5.0
2025-11-08,0.4383860537305689,0.7888247712334067,-0.20681689569182263,0.4860707482183521,4.0
2025-11-09,0.18682048065756543,0.47510477432801995,-0.4543745958131444,1.0525123253228705,3.0
2025-11-10,0.18433825798357742,0.5207654359658414,-0.2574666391870028,0.695371867096463,3.0
2025-11-11,-0.6019493862807678,0.5577252047793744,0.20637764302618283,0.6120364185089548,4.0
2025-11-12,0.6979307085948273,0.9281468949270815,-0.16859015176516526,0.627471958081204,3.0
2025-11-13,0.6671843827324873,1.0,-1.5585589425078263,1.0,1.0
2025-11-14,-0.7478094506691643,1.0404484884491574,-1.5643324292921605,1.7010074706662361,3.0
2025-11-15,-0.6787350280764606,1.0,0.32666404947572564,1.0,1.0
2025-11-16,-1.8811271741998947,1.0,0.28325466025201657,1.0,1.0
2025-11-17,0.11999999999999997,1.0,0.5800000000000001,1.0,1.0
2025-11-18,-0.20240981198853053,0.5298097036802678,0.6705097452471236,0.40612877652212465,2.0
2025-11-19,0.019204579471517658,0.9223729338372759,-0.372267274150591,0.9072608954529865,3.0
2025-11-20,-0.4468831584557096,0.5730865353202311,0.21168390227366665,0.9177558362899304,5.0
2025-11-21,0.5400310341494551,0.48509649266297716,0.22088221792033097,0.6231382636206261,4.0
2025-11-22,-0.6392681493896404,1.0,0.10594715287311214,1.0,1.0
2025-11-23,-0.16342157668738277,0.21674646461958844,-0.2633301483830844,1.3110448518847329,3.0
2025-11-24,-0.5972158244715186,1.314137312021312,-0.7149522473139248,1.4305679199930887,6.0
2025-11-25,0.4574094288943606,0.957327251448905,0.14729156611532587,0.9529692669668819,6.0
2025-11-26,-0.4772028334569536,0.22919496778228612,0.40115086162356767,0.4174810885777313,2.0
2025-11-27,0.5984403083562301,1.0,0.20594317188661307,1.0,1.0
2025-11-28,0.7766762986414915,0.06428443198636025,0.30824256834630526,0.04835110336249109,2.0
2025-11-29,0.2285714285714286,1.0,0.5142857142857143,1.0,1.0
2025-11-30,-0.07730883598589958,0.018727941298024024,-0.608151066207888,1.5520838992370802,2.0
2025-12-01,0.14263699803169022,0.7355109273716401,0.07377854786432515,1.0713855320350254,4.0
2025-12-02,0.021383259988018235,0.5085058398759517,0.3449405487523824,0.24278369087091323,6.0
2025-12-03,-0.11987861750849307,0.9997205053420484,-0.12816034953641986,0.9037823444379816,5.0
2025-12-04,0.18219123090227107,0.7423426903125605,0.19735128034227065,0.7209031427882661,2.0
2025-12-05,0.2388153428226107,0.39950540313303956,-0.6447582345693736,0.31493473386820897,2.0
2025-12-06,1.891537449478907,1.4565220409037798,1.1978846432325159,0.09124579835058637,2.0
2025-12-07,-0.7253085354168819,0.7466992753729667,0.10627294857766167,0.33953331952219845,3.0
2025-12-08,0.895505784243175,1.0,1.1007929273494808,1.0,1.0
2025-12-09,-0.49357702199527564,0.9936325321388949,-0.28783572293827375,0.7879798932262502,4.0
2025-12-11,0.07174501506367839,0.272604158528805,-0.11781876088694791,0.8311857373833729,4.0
2025-12-12,-0.17935693606642,0.6459207647401526,0.715961252337794,0.9940281736137091,3.0
2025-12-13,-0.31826400671072425,0.47668715920326177,0.571057880748119,0.13212246640106656,3.0
2025-12-14,-0.3747304425153902,1.0,-0.8400570321220515,1.0,1.0
2025-12-15,-0.3834634052810236,1.0512149555114036,0.1463697521879277,0.8705251745861293,4.0
2025-12-16,0.854401923695259,1.8047233248851575,0.374302291845711,0.8403134579636974,3.0
2025-12-17,0.3022399718581422,0.16415589733975222,0.3998854361620637,0.21501220791590403,2.0
2025-12-18,-0.6544461541061957,1.0426019884303428,0.4803805337311318,0.7879065497398478,5.0
2025-12-19,0.2346838962383473,0.649978175287017,0.08034271819864376,0.8850843830474984,5.0
2025-12-20,-0.8654095484337568,1.0,0.7723950669602092,1.0,1.0
2025-12-21,-0.3530162795513144,1.0,0.20953561485579017,1.0,2.0
2025-12-22,-0.5761592355277124,0.1851877950301946,-0.07436059943048223,1.1051617682207808,3.0
2025-12-23,-0.16568790728964977,0.48894736464494537,0.7665992244296318,0.6700799375539924,5.0
2025-12-24,1.228432549835055,1.30905928104806,0.2963659880828976,1.2828113058077797,4.0
2025-12-25,-0.2800897982017014,0.6669128880932582,-0.13093895061248922,0.7724847582815477,4.0
2025-12-26,0.0732191677058707,0.5441401914274365,0.12754223472854864,1.5149789753053176,5.0
2025-12-27,-0.3,1.0,0.43333333333333335,1.0,1.0
2025-12-28,-0.517280444014869,1.0,0.38167672544758413,1.0,1.0
2025-12-29,0.47781497461745276,0.9818340155330856,0.20462167672038342,0.7910333178560128,6.0
2025-12-30,-0.11214932573583312,0.2273426648362049,-0.32539249710461654,0.14586569580018902,7.0
2025-12-31,0.08569274658907523,0.28377462275658855,0.0466364685384081,0.4771046423027567,6.0
2026-01-01,-0.06771560405703893,0.10250672626023163,-0.3612114887881378,0.08533887281091172,2.0
2026-01-02,0.19281677755014598,0.6287778887805989,0.003972137330482024,0.47141676125169096,8.0
2026-01-03,-0.23597187755353127,0.1324733164108227,-0.43136197492088757,0.25385778413041077,5.0
2026-01-04,-0.06406618169640318,1.0,0.4893379839131096,1.0,1.0
2026-01-05,0.30635350753028534,1.0,-0.7282190812544191,1.0,1.0
2026-01-06,-0.10988585588199766,0.20739840392493408,-0.5361416071614126,0.5000169319232258,3.0
2026-01-07,0.2104674484043243,0.897029194571614,-0.379881442533614,0.4101279452242224,5.0
2026-01-08,0.25443466524994857,0.7898075617307386,-0.045806886788378964,0.5469946594293593,13.0
2026-01-09,-0.021249284468737865,0.038452413561536794,-0.41478052003620985,0.41008440800696994,8.0
2026-01-10,-0.12904489855443088,0.7653367009018125,0.32475016147058905,0.6785464120187451,5.0
2026-01-11,-0.04235581579287512,1.3483876756717983,0.5636656089627313,0.900525956875253,4.0
2026-01-12,-0.1077725928917677,0.20144437209818597,-0.2895832262510458,0.13848397235590085,12.0
2026-01-13,0.10216051008758771,0.8266430128672236,-0.13070938106321428,0.17679804439728714,5.0
2026-01-14,-0.4504893949160828,0.6251260763119607,-0.07032963450346479,0.12998113286911833,4.0
2026-01-15,0.26368529093485943,0.9573380808239464,0.6092354656122534,1.4776689454735867,9.0
2026-01-16,-0.14075701327726692,1.0,-0.27106683473389703,1.0,2.0
2026-01-17,-0.9884015124154639,3.154902736356073,0.4497372140235025,1.4310709399770885,4.0
2026-01-18,-0.1008107765814862,1.0,-0.21697656710161498,1.0,1.0
2026-01-19,-0.13004112921903738,0.1493173361522749,0.019735374229183145,0.3149849125975128,4.0
2026-01-20,-0.08885221492335582,0.07340446978434177,-0.2592155481276881,0.01676025025007134,3.0
2026-01-21,0.06854296782887391,0.27751367309194613,0.0883007456926524,0.6020325376639523,3.0
2026-01-22,-0.13678311622189054,0.19967139930489164,0.04078405826431078,0.5762966395715797,4.0
2026-01-23,0.2950993535481366,1.075644296911899,0.40367384168050524,1.5387692939934465,6.0
2026-01-24,0.16193958367505215,0.45606744272905164,-0.16000364118917984,0.35681530337971257,12.0
2026-01-25,-0.09834958366644157,0.04927169161613115,-0.18656309773518331,0.23887617605561376,10.0
2026-01-26,-0.09712204305335748,0.28737343784142755,-0.2821475011191121,0.1937636790707741,16.0
2026-01-27,-0.08927814119538101,0.2520347136839125,-0.3486663068637178,0.49890168256909956,7.0
2026-01-28,-0.22252944515066134,0.6326554185937793,-0.16411658175220908,0.6955280832638098,6.0
2026-01-29,-0.01610254964169037,0.1589011187328948,-0.050597291848021954,0.4104122853590357,4.0
2026-01-30,1.1739760609981924,3.050239135947026,1.7400971405462289,2.6188698122624094,5.0
2026-01-31,1.7923566349596822,3.7291226887863838,0.7936746606190413,2.1097280911049694,5.0
2026-02-01,-0.056817446391359716,0.9196479967339327,-0.9165047368666492,0.296133428856,2.0
2026-02-02,-1.4137161735614097,2.290955417739383,1.1992236139938397,2.5096057369803,3.0
2026-02-03,-0.19113699494646694,0.2564439172266761,-0.14389709678464202,0.42409360854866646,9.0
2026-02-04,-0.15987080492131342,0.3335569464039639,0.006583939572124553,0.8010739238450356,11.0
2026-02-05,-0.08274528369456306,0.08880604131398641,-0.26953962707500084,0.04954258406035657,33.0
2026-02-06,-0.10299899274959849,0.075689032359293,-0.2845332256305801,0.06109429351365619,37.0
2026-02-07,-0.06983471351652869,0.14585215168944113,0.6736858221950391,2.1622020584960464,6.0
2026-02-08,0.11754306404443553,0.341734056087711,-0.3976693139586091,0.20609542417581317,6.0
2026-02-09,-0.1199415853228793,0.02705504918124388,-1.0696182247448272,1.2058173960833083,2.0
2026-02-10,-0.14075701327726692,1.0,-0.27106683473389703,1.0,2.0
2026-02-11,-0.15070246496278653,0.6741544755551199,-0.04424238572301716,1.3328734431316822,7.0
2026-02-12,0.1562134910802815,0.8609649849760977,0.46169189073689426,1.5500317433748054,8.0
2026-02-13,-0.10596774505319784,0.059774009460941815,-0.2730996297933673,0.026809628220478172,4.0
2026-02-14,0.42448551636527637,0.4895143899698211,-0.5617601323689975,0.25174778046186774,3.0
2026-02-15,0.1622625835785796,0.4312545711936686,0.045882840723899164,0.36016355532595656,11.0
2026-02-16,0.012686911963416413,0.2233814667807592,-0.03209913994117651,0.5399820985048561,10.0
2026-02-17,-0.21167278227620812,0.4825099842365799,-0.1792140776567497,0.6556429619585549,14.0
2026-02-18,0.24647240169286977,0.6107239528107629,0.010211376450433698,0.5518456942016958,17.0
2026-02-19,-0.048899024725351924,0.5260488911516784,0.09670583144746488,0.3548165695280842,7.0
2026-02-20,0.2982239831684829,0.8409393496632328,0.009793267667708706,0.9130647549634288,11.0
2026-02-21,-0.21789389135101256,0.41441084301509296,-0.09360600167556817,0.430453372642317,6.0
2026-02-22,-0.21690084653017014,0.4117882472288368,-0.41175223289145096,0.36416088757546144,6.0
2026-02-23,0.13615323776052482,0.7415924637366128,0.3595479080456198,1.3348830047955311,6.0
2026-02-24,0.14204633223252153,0.2919199948305775,0.03221713591112391,0.9158963557406774,10.0
2026-02-25,-0.020507975520492418,0.24867951704679064,-0.24385511571220564,0.28571114869051,9.0
2026-02-26,-0.07754509303770361,0.11656302186408629,-0.15128938674765233,0.2828386922082487,9.0
2026-02-27,-0.09598302527827074,0.7534789463437442,0.10312781288483427,0.6743362891336862,8.0
2026-02-28,0.011011946274634072,0.5557724564193477,-0.6027702904511903,0.46275797789965645,7.0
2026-03-01,-0.06622608178441128,0.06977015982163444,-0.27873738201728065,0.05035296270594027,3.0
2026-03-02,0.04655065558605395,0.14462290330737584,0.02269697710425796,0.4677597864547592,3.0
2026-03-03,-0.2333214921827703,0.5713538005410619,0.19279133044819918,0.6121217960499544,7.0
2026-03-04,-0.1183280353238763,0.1318408840108584,-0.3730332588195905,0.2679509169148979,6.0
2026-03-06,-0.04133990686680919,1.301204825455299,0.659252726566051,1.7240705103186644,10.0
2026-03-07,0.5839296418143812,1.0467738277550915,0.38895410877066877,0.992736387206591,5.0
2026-03-08,0.4123853581063777,0.7060146719593807,-0.20617612883097106,0.3730474672210454,3.0
2026-03-09,0.11926196878003449,0.3066273269725422,-0.578419644397076,0.5323472679320356,6.0
2026-03-10,-0.48845339114716185,1.5178725860214528,0.27046622835854806,1.619475253588744,10.0
2026-03-11,-0.31994808742784586,1.0522577084367328,-0.6601310244950012,0.787955118386426,8.0
2026-03-12,0.07674486779149325,0.7141752075866888,-0.5250508209892016,0.7819901501570828,5.0
2026-03-13,0.004767597198804001,1.0,-0.42155518445154977,1.0,2.0
2026-03-14,0.91825321668247,0.6439049836168801,-0.0642705311304183,1.051854360863878,4.0
2026-03-15,-0.07439382374781091,0.427254255986796,0.04142691397614759,0.5990602221465806,8.0
2026-03-16,0.5524225414467558,0.5116653045422453,0.3734946298654849,1.0431874263847383,3.0
2026-03-17,-0.017070185592951908,0.19662064280240069,-0.19367219204141703,0.18757219202523132,7.0
2026-03-18,-1.064531414474412,1.0,2.2848867770814327,1.0,1.0
2026-03-19,-0.11795824023363004,0.513204011053574,0.438816601424545,0.9748826847082682,6.0
2026-03-20,-0.28341466260362436,0.521115662674276,0.3421507673967311,1.2977578000606793,4.0
2026-03-21,-0.036947416569444724,1.0,-0.2473642615214791,1.0,1.0
2026-03-22,-0.592349658226537,0.9142845699745843,0.8980867543399415,1.6605372385645911,6.0
2026-03-23,0.07571216521040558,0.711539638136861,0.18610503530018963,0.6389979304379466,8.0
2026-03-24,0.006471774219402605,0.08052520483902038,-0.38356324044150364,0.222438058918822,7.0
2026-03-25,-0.036947416569444724,0.0,-0.2473642615214791,0.0,4.0
2026-03-26,0.6684494537702842,1.410793740679458,-0.07682104008869278,0.34108644286557266,4.0
2026-03-27,0.3181683987394766,0.9181586244718956,0.14269391038042223,0.5022345029997106,4.0
2026-03-28,-0.20516082261887103,0.09108074063938756,-0.808012776140846,0.7593562325988965,2.0
2026-03-29,-0.31602527581248063,0.3392574452938517,-0.2329352204831601,0.4663970497515896,3.0
2026-03-30,-0.026518663127382543,0.020857506884124362,-0.2909119922539968,0.08709546146503534,4.0
2026-03-31,0.6485152052620088,1.2060094369432115,-0.040166922170029803,0.4296153407339931,7.0
2026-04-01,-0.1595143334087393,0.08301936622464103,-0.21759722866880368,0.0008777480059620098,2.0
2026-04-02,-0.19262682091321867,0.4152991917260746,-0.06967093672882876,0.4775602146781802,8.0
2026-04-03,-0.3001913945406495,0.4524814645350675,-0.19299107344298616,0.3834086985430009,4.0
2026-04-04,-0.4162327185036565,0.4866856677412409,-0.6567095483053117,0.7145039742214083,4.0
2026-04-05,-0.47187868112962555,1.553638193201557,0.2158172549321837,1.4419347049165119,6.0
2026-04-06,-0.09666740785603248,0.7834357923493103,0.8937539754497295,1.3096618789104435,5.0
2026-04-07,-0.28116300020119,0.24367388515969224,-0.4335492748414531,0.2560533730304519,3.0
2026-04-08,0.25380888618886466,0.6554419762819894,1.468073445949417,2.9396349557300154,4.0
2026-04-09,-0.07019798722325098,0.10601734620089537,-1.1109274212586473,0.9749195668160744,2.0
2026-04-10,0.24817802173707282,1.4217576099787874,0.7159651783527198,1.7270764120747943,5.0
2026-04-11,-0.3538839049096908,0.44821588022167824,0.0665306567237329,0.4439144505423727,2.0
2026-04-12,,1.0,,1.0,1.0
2026-04-13,-0.2884798127301601,0.6595343162547248,0.013749232834901391,1.0165008356335168,13.0
2026-04-14,-0.33309556058971573,1.137633747696425,0.7336817197681749,1.1359910952700096,5.0
2026-04-15,0.2529759825957381,0.3346515329841301,0.24292690396743327,0.39109669553463794,4.0
2026-04-16,-0.33799745287813954,1.3209565723807273,0.3600806926918694,1.6749879469059168,6.0
2026-04-17,-0.021067514139749107,0.8531642177624159,0.1259892350758851,0.6634775979602461,12.0
2026-04-18,0.27089480485725553,1.0945806563282279,0.09700339172595057,0.997423188319391,27.0
2026-04-19,-0.0563877642458627,0.14553658750059267,-0.13675760900522577,0.5272720038216565,13.0
2026-04-20,-0.0688360774056294,0.876093868907359,-0.05720184401583015,0.3776953076279886,5.0
2026-04-21,-0.08303928409499499,1.083325387786949,0.3825846087682126,0.853352854601199,7.0
2026-04-22,-0.15014123526069748,0.12410985178061425,-0.068758737951842,0.5582420971382529,4.0
2026-04-24,-0.1666860462472286,0.33391114164279395,0.04000400223136365,0.8151928164064371,7.0
2026-04-25,0.26005042940814455,0.7290824933261515,0.28564940482389334,1.168816598195306,5.0
2026-04-26,0.8046533849003266,1.0,0.9329488328555277,1.0,1.0
2026-04-27,-0.03727589253821462,0.8265868232804219,-0.083181360298145,0.7564709036038163,7.0
2026-04-28,-0.19823329075090224,0.6730270951992563,-0.13072744567127811,1.1601327614427814,9.0
2026-04-29,-0.292754407598685,0.859666001931948,0.235051785463083,1.1549812716592947,10.0
2026-04-30,-0.0008930054738236094,0.6873748951112727,0.11570548987124131,0.9959155167388836,40.0
2026-05-01,1.0920979044087722,2.3822413775799953,0.8967708106618222,1.405599561273577,15.0
2026-05-02,-0.1469078039014594,0.5696319839776222,-0.21320324954690495,0.8700195312922997,11.0
2026-05-03,1.2495029298902771,2.269060799672489,0.9221344168755259,1.963860115661226,23.0
2026-05-04,0.4453522360008746,0.8916106997840332,-0.395825600037864,0.08506333933689496,3.0
2026-05-05,0.4027177141192821,0.6754405877108721,0.1201475348961726,0.8006697218086317,11.0
2026-05-06,-0.292284269224608,0.732247409690822,0.06548006546680897,1.1098291476107693,12.0
2026-05-07,0.3760740058523743,0.28682050038315665,0.048791421240284794,0.6771671993560406,3.0
2026-05-08,0.10872629799715286,1.2887411662126884,0.7067146083027687,1.4235859817935381,8.0
2026-05-09,-0.036947416569444724,1.0,-0.2473642615214791,1.0,1.0
2026-05-10,-0.12434066776118995,0.11844399797190555,-0.2757747417205964,0.05107166559110103,9.0
2026-05-11,0.5267601109035472,2.8399000943324006,0.6624869277685922,1.6577540197451066,8.0
2026-05-12,-0.1337984394485578,0.27060558323221684,-0.1849721869513445,0.3875221821947038,9.0
2026-05-13,-0.06842436731097794,0.8180547223751977,0.005843025790434628,0.9649268550058276,22.0
2026-05-14,-0.25450267865426673,0.548009320622485,-0.18350356088993092,0.22574995149322974,16.0
2026-05-15,-0.023417494389359153,0.6067702430479519,-0.28632920222392616,0.3707120195866556,13.0
2026-05-16,0.2784247100825402,0.7212275323847447,-0.07913498708762488,0.6774349929787421,7.0
2026-05-17,-0.0858878658817935,0.056578600601032925,-0.17780383437693004,0.2137245844099594,11.0
2026-05-18,-0.28256182064762675,0.6642465465076224,0.04245034067269412,1.1563263657513716,12.0
2026-05-19,-0.10853022142947327,0.7468645734179623,-0.16794218933091465,0.6897335590490362,13.0
2026-05-20,0.496377133614665,1.946066687538055,0.016513165440738387,1.1931569016954606,13.0
2026-05-21,-0.10640344197508879,0.17684400224701002,-0.6159371514676873,0.5801180781332328,6.0
2026-05-22,-0.0386620036635914,0.18489617146538118,0.14142438990117867,0.40042113313005107,4.0
2026-05-23,-0.22480221994033905,0.4593940567212794,-0.3710300885264082,0.8334818511046553,6.0
2026-05-24,-0.8106420144433535,0.9466941106524561,-0.5112324232674601,0.8165326044574653,5.0
2026-05-25,0.1758571690712117,0.3071710454341306,-0.47755458216978847,0.46553109518823765,3.0
2026-05-26,0.042983210872379364,0.6102690749095456,0.0782571863900594,0.3298362670592189,5.0
2026-05-27,0.6044666623126376,2.115043276462716,0.7931862336357419,1.2130214526290084,11.0
2026-05-28,0.16233340920910586,0.5128314143773236,0.5156292398957585,1.0312906756728784,12.0
2026-05-29,-0.07143354900257483,0.830969804727305,0.2245097882374419,0.8780942149787098,27.0
2026-05-30,-0.16780037383651228,0.5715540108853063,-0.17064035910289616,0.5219559253274705,33.0
2026-05-31,0.5076076166842848,1.6727920854615177,0.1012740465176546,1.0481479703038605,39.0
2026-06-01,-0.1667571176756185,0.26883508223354113,-0.29527342046694244,0.30686610702945577,14.0
2026-06-02,-0.1441543049370054,0.5665550476013992,-0.2569291213490116,0.4889149434811746,19.0
2026-06-03,0.0650033354289279,0.44353918973961604,-0.1387217470137558,0.6179267151879406,15.0
2026-06-04,-0.08360589935872882,0.339188826843411,-0.23250656933552136,0.2679459205955969,36.0
2026-06-05,0.09025321390327953,0.4889366478389657,-0.11796354548638821,0.323659130453053,10.0
2026-06-06,-0.18169650234451096,0.5730804209339255,0.003579866991988298,0.34009001934163235,8.0
2026-06-07,-0.4799983744806463,0.5450447245245987,-0.21522402447965652,0.6618465639044225,5.0
2026-06-08,-0.30507127319498867,0.5160610409568692,-0.11216403080184317,0.5609703652255782,22.0
2026-06-09,0.11622114395746902,0.6506300206815697,-0.147971863086691,0.803239689276374,25.0
2026-06-10,-0.07353834401519667,0.6682709474378618,-0.027307621711943002,0.6222022492986582,30.0
2026-06-11,0.11561204256744476,0.5945615735469214,-0.18223439441458902,0.5277498486527071,14.0
2026-06-12,0.22526597279413993,0.8014962547263247,-0.1280965144583748,0.6599567017957056,7.0
2026-06-13,0.5508875203018276,1.0975944688690622,0.34983949724051194,0.949636158434168,6.0
2026-06-14,-0.18230359265654944,0.8028524461193932,0.049891039428280715,0.8925534035664351,14.0
2026-06-15,0.058468128163064646,0.9539215088884369,-0.06457820103833628,0.9346860085749846,9.0
2026-06-16,-0.04325107207220405,0.9909250006518453,0.714491819094926,1.2725668275281625,9.0
2026-06-17,0.012165262423195114,0.37593453452483166,0.16934684869992528,0.5225056770045857,5.0
2026-06-18,0.09117114143922199,0.521688983575773,-0.10475052478136232,0.8133198081564083,13.0
2026-06-19,-0.045035945104978874,0.6122544422375168,0.0141076586100267,0.9879224024052663,28.0
2026-06-20,0.15129028517548082,1.644067498626844,0.5384124540061512,1.8220708457646573,40.0
2026-06-21,0.011505657259012276,0.24711990684938984,0.054949109175176106,0.7954236973012182,24.0
2026-06-22,-0.22155056227698805,0.400626104007974,-0.3234969716162125,0.5069576201666669,32.0
2026-06-23,0.14968622185808927,1.0278990558349974,-0.14152159637206,1.0868567211305276,13.0
2026-06-24,-0.2274113906854469,0.5758379693610698,-0.14826690796962688,0.5322200089779181,7.0
2026-06-25,0.07333146520369532,0.6206802767873426,-0.5751354737513403,0.6900507950023751,9.0
2026-06-26,0.34253013615027056,0.7650280452088217,0.27220825974348367,1.144581958770289,12.0
2026-06-27,0.4284679783491724,0.8545310415667224,0.22413760202551658,1.234542773271237,10.0
2026-06-28,0.27408099085364784,1.5483204941133077,0.08519819200261643,1.0118174902419372,25.0
2026-06-29,-0.06338781053097832,0.6214082371574143,0.051416668974457784,1.2625225947662537,51.0
2026-06-30,0.1985355356916277,1.6998951025358635,0.0809701531403028,1.3461604367974258,22.0
2026-07-01,-0.15894021579871145,0.25113693919022384,-0.2456059494196282,0.35005128641784494,27.0
2026-07-02,-0.19719720937729243,0.6464076250451024,0.30551922628698464,1.1402434475415193,10.0
2026-07-03,0.1872124116044139,0.7362300755353085,-0.33400051487753524,0.8390088096501931,10.0
2026-07-04,0.5166126727514563,0.7567202505096827,0.3244508909144558,1.1842869311444106,8.0
2026-07-05,-0.052085766630422844,0.8565496171352185,0.06567721792137106,0.8786486504409442,34.0
2026-07-06,-0.6570966711102727,1.7520473046554133,0.18278760409466285,1.442357748609139,13.0
2026-07-07,0.024578044280683897,0.3563389058540639,0.21552799435884357,0.7113547795486803,10.0
2026-07-08,0.15678920478947275,0.46138948106457395,-0.38923862126261144,0.3418874573493544,5.0
2026-07-09,-0.010724427681512513,0.3402278961155001,-0.4475566207830946,0.5669554689270375,12.0
2026-07-10,-0.16124440832016243,0.2766315857008775,-0.2538022165202751,0.25330298134330476,17.0
2026-07-11,-0.8037820184561667,0.8090985089723106,-0.3670830551483916,1.7476520147422687,4.0
2026-07-12,0.8824771139317247,0.8477332677045605,0.4943172241937621,0.6841060987116188,4.0
2026-07-13,-0.19637063804819282,0.4643630962977969,-0.1864290979569539,0.28134247704821663,16.0
2026-07-14,-0.01937680105989411,0.3765577849750031,0.20117465761514047,1.386702405459286,45.0
2026-07-15,0.3502760705296114,1.3183813294667799,0.25088489588280216,1.2482498735948035,32.0
2026-07-16,0.00012483315413942285,0.40107878191856355,-0.06756714377910476,0.7600750424026215,40.0
2026-07-17,-0.06495349009907658,0.2781572254556826,-0.10270209315812934,0.7430875808947195,43.0
2026-07-18,-0.5807510576903204,2.013466174111362,0.14972217705093332,1.1129848799313313,15.0
2026-07-19,-0.3564621866389739,0.9525698123125191,0.3454368866061644,1.0093759170028225,6.0
2026-07-20,-0.5780639813703315,0.7422087642128679,-0.11964452294977461,0.8853007152976357,7.0
2026-07-21,0.9003303438543132,1.7714575241162454,0.5518877901330292,1.6962121263875438,8.0
2026-07-22,-0.26079271138168914,0.5677716030441724,-0.5318489928716643,0.7952082523198624,9.0
2026-07-23,0.5895365731341637,1.26561754165461,0.40114077296285605,0.9579056446696637,6.0
2026-07-24,-0.36900887550573097,0.8610766981595216,0.2907307455224704,1.539848315923736,7.0
2026-07-25,-0.28162165811249285,0.3698618994381748,0.08092198418781778,0.5425047492762566,3.0
2026-07-26,-0.30137875844691625,0.3138042632109339,-0.25494221865267963,0.21504393189685084,4.0
2026-07-27,-0.12605096106914057,1.0804369052068763,0.6330722871976522,1.5538756197617507,13.0
2026-07-28,-0.002206218400174081,0.4460179968694072,-0.06552798590293005,0.5574272825833247,13.0
2026-07-29,0.05726448495562832,0.6707488323544374,0.17177814958674859,0.6947930458114302,11.0
2026-07-30,-0.19664985456271555,0.6050016056401778,0.34218503610495915,1.7270335990090258,16.0
2026-07-31,0.06312382481494362,1.1755827259214242,-0.028225608178936025,0.6690461370647272,29.0
2026-08-01,-0.2683723354168843,3.998901279459124,1.0312005315327855,1.9586822498161667,8.0
2026-08-02,-0.10081693273585217,0.19289547302357057,-0.3245307130800827,0.16792205834721774,7.0
2026-08-03,-0.17993351070731325,0.47683961038018474,0.05186150364109882,1.0039951425838287,21.0
2026-08-04,-0.11269261455694632,0.27498894872724045,-0.24820937729288528,0.2324119987486486,16.0
2026-08-05,-0.6241569184412066,1.8097944122921645,0.16361645678805575,1.1688562921816446,19.0
2026-08-06,-0.07395657069341548,0.7394324893349402,0.09131062729778514,0.7939743160505807,10.0
2026-08-07,0.07542688777816446,0.6305522866235554,0.09872245780467227,0.7495517932217882,13.0
2026-08-08,-0.015948455759469838,0.029697015173207594,0.15510574802713925,0.5691785459520852,2.0
2026-08-09,0.18119600324494323,0.6751219991482595,-0.21960657648042192,0.27857030887281964,4.0
2026-08-10,0.23207561386802045,0.3523345831692312,-0.19837823083632888,0.3342863248606107,5.0
2026-08-11,0.18081319545722307,0.29196420596276684,-0.013133560309739787,0.6330652649504572,6.0
2026-08-12,-0.10578167573173615,0.059612217085226134,-0.2830332825903103,0.03089027837373015,3.0
2026-08-14,0.49527921256084206,0.752682117172167,-0.22683533280229862,0.029032289415655586,2.0
2026-08-15,0.4922274164322881,1.1609787654834336,-0.18433591737366517,0.5903567350990163,4.0
2026-08-16,0.7372264687217963,1.3049489390480626,0.36056541282486343,1.206965383777298,3.0
2026-08-17,-0.24014986838053332,0.33771899914712655,-0.13658347322440256,0.22468307206959784,4.0
2026-08-18,-0.5681269883299443,1.0,-0.711020418972788,1.0,1.0
2026-08-19,-0.0045040514476239885,0.06488673024364147,-0.2552857375877768,0.015842952132595345,4.0
2026-08-20,-0.10995324920552528,0.18158299483551943,-0.2992934758892685,0.15933011326474306,9.0
2026-08-21,-0.2701399815360266,0.39931779828098146,0.14330530221355603,1.0545531188882107,7.0
2026-08-22,-0.289512033543108,0.35184451703650726,-0.6085209933141257,0.5798238532622447,4.0
2026-08-23,0.5,1.0,1.0,1.0,1.0
2026-08-24,0.10825122520934716,0.2514914247508606,0.16361826080660927,0.7118426096950596,3.0
2026-08-25,1.011626872594593,0.9974071580544548,0.17067298601393366,1.271225352640493,2.0
2026-08-26,3.2958489822079393,4.713285867779186,1.6768125388070063,2.721196927428211,2.0
2026-08-27,-0.08951747530533209,0.05762476937953568,-0.26597645411592225,0.027087066754881265,7.0
2026-08-28,-0.02325089846473511,0.8823020301544662,0.24043362730379966,1.4340093869048356,16.0
2026-08-29,-0.036947416569444724,1.0,-0.2473642615214791,1.0,1.0
2026-09-01,-0.036947416569444724,1.0,-0.2473642615214791,1.0,1.0
2026-09-02,,1.0,,1.0,2.0
2026-09-03,-0.16222142113076252,1.0,-0.16222142113076254,1.0,1.0
2026-09-04,-0.036947416569444724,1.0,-0.2473642615214791,1.0,1.0
